date,title,duration,views,likes,comments
2022-12-20 19:59:30+00:00,We Hosted Our Own Golf Tournament! - The Breezy Invitational Presented by Corona Premier,482,198465,7106,432
2022-05-26 17:00:31+00:00,Can We Break Bogey Golf Using Only One Club?,951,381078,11918,853
2022-09-08 17:00:23+00:00,We Entered Our First Golf Tournament!,1588,572288,14356,1738
2022-09-15 17:00:19+00:00,Can We Win Our First Ever Golf Tournament?,1524,505258,18303,1907
2022-12-08 18:00:09+00:00,Can Fat Perez Beat us Using Thrift Store Golf Clubs? | Bob Does Sports,1023,454118,11862,1231
2022-04-14 17:00:06+00:00,ROASTING MY GOLF GAME | Chasing Par,743,171957,5389,699
2023-01-17 01:23:13+00:00,You simply do NOT question a Fat Perez read #bobdoessports #fatperez #shorts,30,162829,6296,55
2022-04-28 17:00:12+00:00,DID I MAKE MY FIRST EVER HOLE IN ONE?,742,252184,7060,681
2023-02-21 18:00:03+00:00,The Most Fun We've Ever Had on a Golf Course,619,289331,9594,1098
2023-01-22 03:33:13+00:00,TRUST THE CADDY! #bobdoessports #golf #shorts #shortsfeed,20,75866,2309,31
2021-11-26 18:00:31+00:00,We Played a Full Golf Hole With Only One Club!,482,258898,5482,228
2022-11-01 00:51:21+00:00,The Lip Out King has entered the chat #shortsfeed #shorts #bobdoessports,41,49263,1427,38
2023-02-02 18:00:31+00:00,Can We Finish 50 Tacos in Nine Holes of Golf?,2230,678780,24747,4720
2023-01-26 19:36:02+00:00,Our Long Awaited Match With Good Good | Part 2,1996,616203,32362,2942
2022-08-04 17:00:20+00:00,Our Hot Ones Challenge Turned DANGEROUS,1763,698784,24653,2183
2022-10-13 17:00:06+00:00,Our Match Play Series Is Back... With A MAJOR Twist!,1346,339596,11299,736
2022-12-12 01:02:49+00:00,"Another day, another shank #bobdoessports #shorts #shortsfeed",20,41859,935,10
2022-05-05 17:00:34+00:00,Our Long Awaited Match With Good Good,1337,838417,21794,1212
2022-10-12 21:51:06+00:00,Fat Perez from Deep! #bobdoessports #shorts,32,125486,5117,98
2022-12-19 16:20:26+00:00,The most positively negative man in golf... Joey Cold Cuts #bobdoessports #shorts #shortsfeed,23,127064,2176,9
2022-11-02 01:02:17+00:00,Cleaning clubs is important #bobdoessports #shortsfeed #shorts #brysondechambeau,29,63436,1425,27
2022-09-06 20:00:09+00:00,We Got All Access Passes at the Tour Championship!,551,227046,8456,398
2022-06-16 17:00:02+00:00,Can We Break Par at the Toughest Course We've Ever Played?,1376,632458,14470,1152
2022-10-27 00:15:26+00:00,Bobby Heckles in His Element #shorts #bobdoessports,49,75758,2603,23
2022-12-16 19:33:50+00:00,The Tour may never be the same #shorts #bobdoessports #shortsfeed,54,216205,5462,49
2023-01-21 03:03:12+00:00,Fat Perez had Keegan Bradley RATTLED #bobdoessports #shorts #fatperez,23,192011,4603,77
2022-11-23 23:40:28+00:00,Don't Wake Up the Sleeping Giant #shortsfeed #bobdoessports #shorts,33,105051,2931,36
2022-11-22 00:35:13+00:00,The Wheels are starting to fall off... #shortsfeed #shorts #bobdoessports,24,56703,1401,20
2023-01-13 22:40:39+00:00,The Hot Ones Challenge Will Have You Saying Some Wild Things #bobdoessports #shorts #shortsfeed,21,45816,1043,27
2022-12-22 18:00:13+00:00,The Bob Does Sports Christmas Special,1677,372063,14751,1562
2023-02-02 00:59:08+00:00,Guy has MOVES #fatperez #bobdoessports #shorts,23,104994,2992,43
2022-10-22 23:00:58+00:00,There‚Äôs no pressure quite like going up against Bob Does Sports #shorts #bobdoessports,22,100992,2517,22
2023-03-21 21:08:22+00:00,Like Clockwork #bobdoessports,19,53829,1314,35
2022-10-24 17:00:36+00:00,The Most Outrageous Scramble We've Ever Had!,1519,404127,15794,1674
2022-11-11 21:02:02+00:00,Not a time for emails Joey! | #shorts #bobdoessports #shortsfeed,24,75426,1788,39
2022-12-31 01:48:16+00:00,Bobby got hit with the Instagram block from Brooks Koepka??,27,92125,2012,30
2022-11-14 23:00:47+00:00,What's the correct pronunciation here? #shortsfeed #shorts #bobdoessports,24,87994,3448,152
2022-11-28 04:11:32+00:00,"Shoutout @GrantHorvatgolff, Cutsy slapped the sand! #shorts #shortsfeed #bobdoessports",17,88780,2354,20
2022-12-22 02:33:40+00:00,Bull in a China Shop #shorts #shortsfeed #bobdoessports,24,56612,1229,27
2022-06-23 17:00:35+00:00,Can We Break a Course Record With Good Good?,1510,500078,16215,967
2022-12-15 18:00:13+00:00,Our Epic Golf Match Came Down to the Wire! | Bob Does Sports,1962,436369,14755,1582
2022-11-10 01:17:22+00:00,Shooter McGavin in the house! #shortsfeed #shorts #bobdoessports,38,62065,2072,32
2022-10-24 01:57:55+00:00,The most important part of the round is the food order at the turn #shorts #bobdoessports,20,125858,3882,54
2022-04-07 17:00:06+00:00,Epic Blunder Ruined Our Match!,960,370756,11197,810
2022-11-08 00:20:56+00:00,The chip in heard round the world #bobdoessports #shortsfeed #shorts,44,107018,4111,62
2022-10-11 18:06:54+00:00,Who farted? #shorts,35,71861,2208,153
2022-11-24 18:00:15+00:00,Our Newest Drinking Game Led to Madness!,1742,675519,19946,2846
2022-11-19 21:16:01+00:00,The Highs and Lows of the One They Call Cold Cuts #shortsfeed #shorts #bobdoessports,45,61072,2947,93
2023-01-16 01:17:39+00:00,Just a real bad look for the brand here #bobdoessports #shortsfeed #shortsfeed #joeycoldcuts,35,95229,3264,76
2022-10-31 00:13:12+00:00,Joey Cold Cuts is truly an anomaly #bobdoessports #shorts,25,161464,4849,43
2022-10-30 01:03:55+00:00,The freshman 100 for Fat Perez #shorts #bobdoessports,16,139627,2771,27
2022-12-28 21:48:49+00:00,Who has the best smile on golf Youtube? #shorts #bobdoessports #shortsfeed,15,44046,730,16
2023-01-25 00:06:23+00:00,A nice bunker shot from Joey Da??? #bobdoessports #shorts #joeycoldcuts,21,63826,1451,26
2022-11-04 21:55:17+00:00,Max Homa cannot be stopped #shortsfeed #bobdoessports #shorts #golf,26,43845,1553,23
2023-02-13 19:53:15+00:00,An absolute DART from The Jet #bobdoessports #shorts,29,51183,1518,39
2022-12-04 23:47:02+00:00,Fairways simply have to be bigger to satisfy Joey Cold Cuts #bobdoessports #shorts #shortsfeed,27,55242,1258,34
2022-10-21 18:41:13+00:00,Fat Perez has WHEELS #shorts #bobdoessports,36,102167,2716,50
2022-12-18 23:37:14+00:00,ALWAYS stay hydrated #shorts #bobdoessports #shortsfeed,31,33726,1244,31
2022-10-19 19:59:17+00:00,No group is safe when Cold Cuts is in the fairway behind them #shorts #bobdoessports,40,266375,8989,105
2022-10-15 20:53:59+00:00,The boys have absolutely no idea what they are talking about #shorts #bobdoessports,23,88005,2356,158
2023-01-05 18:00:20+00:00,We Added a MAJOR Twist to this Match!,1986,427088,12912,1087
2023-01-17 18:00:13+00:00,The Wildest Challenge in Bob Does Sports History,653,293911,19577,1410
2022-11-21 01:28:36+00:00,So close...yet so far #shortsfeed #bobdoessports #shorts,18,49170,1084,25
2023-01-18 21:47:24+00:00,Simply unacceptable from Joey Da #bobdoessports #shorts #shortsfeed,22,167953,3667,43
2022-10-28 21:24:49+00:00,"Paint the picture, JJ Watt! #shorts #bobdoessports",42,35532,1349,15
2022-11-07 00:06:35+00:00,"The grunt adds 10 yards, it's proven science #shortsfeed #shorts #bobdoessports",26,67729,2217,36
2023-01-12 18:00:30+00:00,Our Back and Forth Rematch Got INTENSE,1945,405155,16061,1089
2023-02-27 20:14:01+00:00,That‚Äôs a baaaad man #fatperez #bobdoessports #shorts #shortsfeed #golf,20,106112,4050,86
2022-11-02 17:19:08+00:00,"Tomorrow Night at 7 PM EDT, Bob Does Sports vs Max Homa In the Greatest Match in YouTube History",59,56601,2307,85
2022-12-25 22:22:08+00:00,Merry Christmas from Bob Does Sports! #shorts #shortsfeed #bobdoessports,26,49614,1622,24
2022-11-23 00:17:01+00:00,We Were THIS Close to a Hole In One #shortsfeed #bobdoessports #shorts,34,80760,1898,27
2022-11-13 19:00:04+00:00,He's a 10 but can't hit a 3 footer.. #shorts #shortsfeed #bobdoessports #golf,38,102754,2324,31
2023-01-25 17:53:17+00:00,FOREEEEE #bobdoessports #shorts #shortsfeed,12,59114,856,19
2022-11-26 04:51:10+00:00,Every Once in a While... #shortsfeed #bobdoessports #shorts,21,88132,2486,42
2022-10-18 18:26:06+00:00,HOTTY TODDY #bobdoessports #shorts,21,58774,1454,31
2022-11-05 22:02:14+00:00,Fat Perez is a baaaaad man #shorts #shortsfeed #bobdoessports #fatperez,43,56887,2032,48
2022-10-14 20:18:03+00:00,There is no one quite like Joey Cold Cuts #shorts,19,77342,1425,25
2023-01-23 20:46:17+00:00,IT HIT THE BULKHEAD #shorts #bobdoessports,19,43210,890,38
2022-10-26 01:45:40+00:00,Bryson could not believe the amount of tees Fat Perez keeps in his pocket #shorts #bobdoessports,23,190650,4932,38
2022-11-27 01:48:17+00:00,Everybody needs to taste at least one Fat Perez meatball in their life #shortsfeed #bobdoessports,45,59801,1759,55
2022-04-21 17:00:27+00:00,Can 3 Average Golfers Beat a PGA Tour Pro?,1452,502943,12754,846
2023-03-27 16:53:22+00:00,At least he‚Äôs consistent‚Ä¶ #bobdoessports,18,35889,828,35
2023-03-13 17:00:20+00:00,The Story of Fat Perez | Perez Vs Episode 1,764,226724,12132,1535
2023-01-10 17:49:53+00:00,Golf shot of the year! #bobdoessports #shortsfeed #shorts,16,39675,856,21
2022-12-13 03:03:30+00:00,"Nothing like a bowl of hot tortilla soup on a summer day in Dallas, Texas #bobdoessports #shorts",14,272058,4679,88
2022-11-29 03:08:23+00:00,The Water in Arizona is built different #shorts #shortsfeed #bobdoessports,22,66435,1403,23
2022-06-09 17:00:14+00:00,Our Rematch With Fat Perez Got INTENSE,1523,539546,15483,1235
2022-11-16 23:18:42+00:00,Just guys being dudes #shortsfeed #shorts #bobdoessports,24,68024,2041,55
2022-07-07 17:00:19+00:00,Can we Shoot the Lowest Score in Bob Does Sports History?,1435,439284,13418,1474
2022-09-13 18:00:35+00:00,Bob Does Sports Breezy Invitational 2022 #shorts #bobdoessports #golf,45,99962,3325,123
2022-11-12 19:00:15+00:00,The Boys Were Hunting Flag Sticks! #shorts #shortsfeed #bobdoessports #golf,40,61032,1669,54
2022-05-19 17:00:25+00:00,WILD 2v2 Mixed Match with Good Good,1269,527726,17319,885
2022-12-28 01:11:32+00:00,THIS close üëÄ #bobdoessports #shorts #shortsfeed,37,46424,1242,30
2023-03-09 18:00:07+00:00,The Most Absurd Match We've Ever Had,2028,448284,16608,1526
2022-09-12 17:00:00+00:00,Can Bryson DeChambeau Beat Us LEFT HANDED?,1227,364080,9441,827
2023-01-12 02:44:44+00:00,Which is it? Comment below #bobdoessports #shorts #shortsfeed,20,368397,6394,203
2023-01-27 20:46:10+00:00,THIS close to the first hole in one on the channel #goodgood #bobdoessports #shorts,28,78627,2121,39
2022-06-02 17:00:24+00:00,The Funniest Challenge We've Ever Done,932,535410,17155,1349
2022-08-23 17:00:34+00:00,We Heckled Golfers at the FedEx Cup! (HILARIOUS REACTIONS),482,400776,11021,523
2023-01-02 00:44:23+00:00,Clutch gene confirmed #bobdoessports #shortsfeed #shorts,28,33959,788,12
2023-02-16 18:00:23+00:00,Our Latest Round of Golf Went Completely Off the Rails!,1535,404839,12607,1527
2022-07-28 17:00:07+00:00,Can Fat Perez Finally Take Down Bobby Fairways and Joey Cold Cuts?,1525,490930,14871,1607
2023-01-15 01:26:22+00:00,Make a birdie and let the world know! #bobdoessports #shorts #shortsfeed,18,56782,1493,20
2022-10-06 17:00:06+00:00,Can We Play the Perfect Round of Golf? | Bob Does Sports,1513,413341,12153,1169
2023-01-31 00:55:03+00:00,It was never the hot sauce #bobdoessports #shorts,55,56344,1201,13
2022-09-22 17:00:21+00:00,Our Craziest Match Yet Came Down to the Wire! | Bob Does Sports,1618,456882,12264,1439
2022-11-15 18:00:18+00:00,Our Back and Forth Match Came Down to the Wire!,2057,391881,11651,968
2022-05-12 17:00:20+00:00,The Greatest Golf Meltdown in YouTube History,1166,816756,18254,1343
2022-09-01 17:00:00+00:00,Can Fat Perez Carry Us to Our New Course Record?,1314,413300,12934,1472
2022-12-07 00:49:37+00:00,Cutsy Became an Absolute Liability in Our Latest Drinking Challenge #shortsfeed #bobdoessports,36,50859,1188,41
2022-07-21 17:00:17+00:00,He Made the Greatest Shot in Bob Does Sports History | Match with Good Good,1864,575239,19914,961
2023-03-11 20:18:36+00:00,Absolutely special #bobdoessports #shorts #shortsfeed,12,62642,1699,11
2022-12-07 23:38:20+00:00,The Vibes Simply Cannot Be Beat #bobdoessports #shorts #shortsfeed,25,56679,1578,18
2022-11-17 18:00:11+00:00,WE HAVE A MAJOR ANNOUNCEMENT,1799,325202,9682,1944
2022-12-27 00:00:12+00:00,Grant Horvat and Micah Morris VS Bob Does Sports,1326,452401,18477,1260
2022-08-18 17:00:24+00:00,Bob Does Sports Vs Good Good Vs Nelk,1340,416229,12977,627
2022-11-10 18:00:00+00:00,His Big Mistake Led to a COMPLETE MELTDOWN | Bob Does Sports,2083,625741,16322,2790
2023-03-06 21:57:18+00:00,Our Brand New Competition Got Off To A Hot Start!,739,304528,8019,650
2022-10-17 17:00:32+00:00,The Most Intense Match in Bob Does Sports History!,1553,462337,16542,1050
2022-07-14 17:00:00+00:00,"Lose a Hole, Chug a Drink!",1490,598638,16317,1712
2022-10-27 17:00:28+00:00,Can We Take Down Fat Perez In One Of Our Best Matches Ever?,1681,414335,13244,1583
2022-08-25 20:40:46+00:00,We Challenged Bryson DeChambeau to a Match!,1470,452338,11270,1015
2022-12-01 18:00:09+00:00,Can We Shoot the Lowest Score in Bob Does Sports History?,1540,400178,16016,2243
2023-03-23 17:00:38+00:00,The Most Ridiculous Round Of Golf In History,2020,436953,16778,1887
2023-03-30 17:00:39+00:00,We Challenged The LPGA To A Match!,2353,241134,9276,816
2022-10-20 17:00:11+00:00,You Won't Believe How This Match Ended! | Bob Does Sports,1919,456852,17015,1484
2023-02-09 18:00:11+00:00,The Most Surprising Match in Bob Does Sports History,2296,447434,14964,2026
2023-01-31 18:00:32+00:00,Can We Break Our Course Record With Brand New Golf Clubs?,1837,455985,16694,2621
2022-12-10 00:07:58+00:00,üé∂ I believe that we will pop üé∂ #shorts #bobdoessports #shortsfeed,13,33302,691,14
2022-12-29 18:00:00+00:00,We Challenged a Professional Golfer to a Nine Hole Match!,1786,407839,11945,1221
2022-12-14 21:51:23+00:00,Joey Cold Cuts Cannot Be Stopped #bobdoessports #shorts #shortsfeed,10,106013,1371,29
2022-02-17 18:00:14+00:00,HECKLING GOLFERS AT THE WASTE MANAGEMENT (HILARIOUS REACTION),484,442482,11341,439
2022-01-13 18:00:22+00:00,I Challenged My Best Friend To A $1K Golf Match,891,443240,10538,587
2022-06-30 17:00:36+00:00,We Took on the Fore Play Pod in an 18 Hole Match! (Featuring JJ Watt),3362,885428,17178,1581
2022-08-11 17:00:17+00:00,The Most Outrageous Match We‚Äôve Ever Had,1438,727950,18693,1171
2022-09-29 17:00:03+00:00,Our New Drinking Game Led to Chaos!,1852,613556,18501,1696
2023-03-16 17:00:38+00:00,The First Time We've Ever Tried This!,2261,467366,14877,1229
2023-03-02 18:00:11+00:00,NFL Star Challenged Us To A Match!,2301,453433,13237,1160
2022-01-27 18:00:12+00:00,"If You Lose, You're FIRED",810,241141,6450,458
2022-11-03 23:00:08+00:00,The Greatest Golf Match in YouTube History (Bob Does Sports vs Max Homa),4003,1383871,38656,3848
2023-01-20 00:00:07+00:00,We Challenged Keegan Bradley To An 18 Hole Match!,4345,916570,20820,2583
2023-02-23 18:00:04+00:00,Can We Beat a PGA Tour Pro in an 18 Hole Match?,3101,654601,14521,1486
2021-10-29 13:00:16+00:00,MR. EXCUSES #Shorts,32,34244,1364,19
2021-12-23 18:00:08+00:00,Our Worst Ball Scramble Challenge Led To Chaos!,625,401446,8596,343
2022-03-03 18:00:19+00:00,Every Single Shot From One of My Best Rounds Ever | Chasing Par,898,160594,5680,1330
2021-12-28 13:00:25+00:00,Do NOT breathe before a Joey Cold Cuts golf shot #shorts #bobdoessports,31,166101,3868,49
2021-10-28 17:00:00+00:00,The Back Nine Debacle | Can Bobby Fairways Beat Joey Cold Cuts? (Part 2),746,203005,3813,182
2021-11-12 12:30:05+00:00,Did Patrick Cantlay just shush me?? #shorts #bobdoessports,24,19473,312,5
2022-01-06 18:00:17+00:00,Chasing Par: Can Bobby Fairways Break 45 on the Front Nine at Wickenburg Ranch?,992,180802,7971,475
2021-10-26 18:52:43+00:00,"5 ‚Äúno range‚Äù in this clip, can you catch any more in the full episode?",32,7964,168,3
2021-11-01 19:13:04+00:00,Heckling Golfers At The Ryder Cup #Shorts,53,348679,11606,85
2021-11-20 08:00:20+00:00,Pizza Pete is a national treasure #shorts #bobdoesports,58,831762,32952,887
2021-11-16 13:00:05+00:00,Bills fans are simply built different #shorts #bobdoessports,43,8704,124,3
2021-10-30 13:00:01+00:00,Every Golfer Has Had This Convo #Shorts,54,98230,3312,36
2021-12-30 13:00:00+00:00,Why is Cutsy always running #shorts #bobdoessports,23,78980,1616,27
2021-12-10 11:00:34+00:00,Joey Cold Cuts was NOT happy #shorts #bobdoessports,28,36379,888,17
2022-03-17 17:00:31+00:00,Can 2 Hacks Beat a Scratch Golfer? (EPIC FINISH),1209,492184,14574,992
2022-02-10 18:00:30+00:00,Winner Gets $5K and a Trip to Pebble Beach! | Match #2,804,291350,8909,675
2021-11-14 12:30:02+00:00,Is Joey Cold Cuts beefing with the IRS #shorts #bobdoessports,57,162507,6477,58
2021-11-19 13:00:25+00:00,No words to describe this Bills fan #shorts #bobdoessports,28,9551,97,0
2022-01-07 12:30:01+00:00,Joe Cold Cuts was HAMMERED during the 18 beer challenge #shorts #bobdoessports,25,210955,4166,31
2022-02-24 18:00:11+00:00,OUR REVENGE MATCH GOT SLOPPY,887,315483,7780,958
2021-12-12 13:00:06+00:00,horror show #shorts #bobdoessports,19,26929,458,10
2021-11-13 12:30:07+00:00,Duty Calls #shorts #bobdoessports,29,16777,324,4
2021-11-21 13:00:32+00:00,Matty Rigatoni tore up Buffalo #shorts #bobdoessports,36,10934,115,3
2021-10-07 16:00:07+00:00,Can George Gankas Fix My Horrible Golf Swing?,717,95606,2156,113
2021-11-25 13:15:05+00:00,ole miss tent run #shorts #bobdoessports,55,51490,1331,7
2021-09-30 15:56:19+00:00,Episode 1: The Ryder Cup,689,198606,4049,175
2021-12-02 12:00:21+00:00,Swing and a miss #shorts #bobdoessports,26,71660,1364,81
2022-02-03 18:00:25+00:00,Can We Finish 18 Fireball Shots in Nine Holes of Golf?,948,1466204,30650,2068
2021-10-25 22:34:07+00:00,"WHAT, DAD??!?! Have you checked out the full Ryder Cup episode yet?!",27,18955,264,3
2021-12-16 18:00:16+00:00,I Refereed the Most Absurd Wrestling Match of All Time,443,28825,1140,82
2021-11-05 13:00:08+00:00,Braves fans were HYPED #shorts,24,6859,82,0
2021-12-29 13:00:31+00:00,Juice Cleanse or Taco Bell #shorts #bobdoessports,14,71585,1331,8
2021-11-02 20:25:11+00:00,Atlanta Was ROCKING For Game 3 Of The World Series | Bob Does Sports,456,32875,1165,76
2021-11-07 14:00:22+00:00,The World Series atmosphere #shorts,25,5700,68,0
2021-11-09 14:00:20+00:00,Don't Disrespect The Sun Chips #shorts,13,11338,159,9
2021-12-01 12:00:13+00:00,Rate Joey Cold Cuts' fit #shorts #bobdoessports,23,31321,544,27
2022-01-20 18:00:09+00:00,Can I Shoot Par At The Nicest Course In Arizona? | Chasing Par Episode 2,804,132683,5123,543
2022-03-24 17:00:20+00:00,HE LOST HIS MIND DURING OUR GOLF MATCH (MELTDOWN),1045,478932,10253,919
2021-12-11 12:00:24+00:00,The moment Cold Cuts realized he'd been pranked #shorts #bobdoessports,31,28726,682,10
2021-11-18 13:00:20+00:00,Jesus...confirmed Bills fan #shorts #bobdoessports,24,8823,190,6
2021-11-17 13:00:23+00:00,before we die #shorts #bobdoessports,27,8165,113,3
2021-12-02 18:00:15+00:00,The Fastest Golf Hole Ever Played,461,141302,4999,260
2022-03-31 17:00:35+00:00,Can We Finish 18 Hot Dogs in Nine Holes of Golf?,1261,638878,16558,1416
2021-10-26 17:00:12+00:00,Can Bobby Fairways Beat Joey Cold Cuts? (Part 1),1161,285443,4397,296
2021-12-30 18:00:03+00:00,Can We Finish 18 Beers in Nine Holes of Golf?,919,830210,24535,1312
2022-01-06 12:30:07+00:00,Introducing the Lip Out King #shorts #bobdoessports,17,56624,1060,30
2021-12-20 12:00:31+00:00,Little plunger to the stomach never hurt nobody #shorts #bobdoessports,19,28742,325,5
2021-10-26 18:50:48+00:00,Starting strong - new episode out now!,31,8651,178,1
2021-11-15 12:30:16+00:00,The barefoot golf lesson is a power move #shorts #bobdoessports,14,11921,190,1
2021-11-30 12:00:09+00:00,cold cuts chip #shorts #bobdoessports,55,243622,5647,88
2021-11-11 18:00:31+00:00,WE JUMPED THROUGH A TABLE AT BILLS MAFIA | Bob Does Sports,486,43427,1151,73
2021-10-21 16:00:04+00:00,MLB Pitcher Recognized Me Mid-Game!,812,39855,946,69
2021-11-23 13:30:05+00:00,HOTTY TODDY #shorts #bobdoessports,44,16443,184,1
2022-01-05 12:30:16+00:00,adversity strikes during the 18 beer challenge #shorts #bobdoessports,45,59514,1381,26
2021-12-18 12:30:01+00:00,Don't mess with ref Bob! #shorts #bobdoessports,21,25029,389,3
2021-11-18 18:00:30+00:00,We Snuck Onto the Sideline at Ole Miss,564,163697,4227,317
2022-03-10 18:00:21+00:00,I Heckled Golfers Again and the Reactions Were Priceless,600,382058,11205,495
2021-12-09 18:00:16+00:00,I Pranked My Friend Into Playing the Worst Golf Course in America,761,1820976,43458,2424
2021-10-14 16:00:12+00:00,RAIDERS TAILGATE AND THE VEGAS STRIP,830,50090,1287,88
2021-11-22 17:37:24+00:00,Bobby Sidelines #shorts #bobdoessports,36,13620,283,1
2021-11-29 19:48:22+00:00,Club Selection is Key #shorts #bobdoessports,34,18783,452,4
2022-01-08 12:30:02+00:00,When you put it to 2 feet #shorts #bobdoessports,12,127370,2706,39
2021-11-08 14:30:09+00:00,Roll Tide.. And Braves #shorts,12,8347,92,4
2021-11-10 17:25:46+00:00,Dodger Dog Review #shorts #bobdoessports,38,10807,139,2
2021-12-06 21:55:14+00:00,WHERE'S THE BALL!  #shorts #bobdoessports,37,17179,253,1
2021-11-24 14:00:28+00:00,Is The Grove The Coolest Place on Earth?? #shorts #bobdoessports,24,14796,126,1
2021-12-13 12:30:11+00:00,Just guys being dudes #shorts #bobdoessports,50,54992,1554,29
2021-11-11 12:30:04+00:00,Bobby mushrooms?? #shorts #bobdoessports,54,10393,162,2
2021-11-06 13:30:19+00:00,Chaos pregame in Atlanta! #shorts,28,5016,52,0
2021-11-26 13:00:22+00:00,Rebs By A Million #shorts #bobdoessports,16,16212,159,3
2021-11-04 13:00:27+00:00,üéµ Goodbye Norma Jean üéµ #shorts,20,8264,76,3
2021-12-17 19:37:39+00:00,Backstage with the fighters #shorts #bobdoessports,37,21715,286,3
